4.97261	2.73579	2.8882	2.73579	2.91462	2.76916	2.93552	3.50103	3.50103	4.5907	2.10956	1.27579	3.05798							3.71279	2.22975	3.75788	7.79	22.4611	28.046	37.3564	38.2766	41.962	17.8217	0	0	0																																																																																																																																																																																																																																
6.65034	6.25023	7.01441	5.97304	5.14067	4.861	4.85785	5.1406	4.59042	3.50069	1.75198	2.30387								3.7125	3.7126				25.5446			27.8215																																																																																																																																																																																																																																				
7.69561	6.86395	6.32409	6.02035	5.97242	5.90872	4.72401	4.039	2.66724	1.44475	2.13084																																																																																																																																																																																																																																																					
						4.1283	2.7684	1.4865	2.05006																																																																																																																																																																																																																																																						
							1.88634	1.6149																																																																																																																																																																																																																																																							
																																																																																																																																																																																																																																																															
																																																																																																																																																																																																																																																															
																																																																																																																																																																																																																																																															
																																																																																																																																																																																																																																																															
																																																																																																																																																																																																																																																															
																																																																																																																																																																																																																																																															
																																																																																																																																																																																																																																																															
																																																																																																																																																																																																																																																															
																																																																																																																																																																																																																																																															
																																																																																																																																																																																																																																																															
																																																																																																																																																																																																																																																															
																																																																																																																																																																																																																																																															
																																																																																																																																																																																																																																																															
																																																																																																																																																																																																																																																															
																																																																																																																																																																																																																																																															
																																																																																																																																																																																																																																																															
																																																																																																																																																																																																																																																															
																																																																																																																																																																																																																																																															
																																																																																																																																																																																																																																																															
																																																																																																																																																																																																																																																															
																																																																																																																																																																																																																																																															
																																																																																																																																																																																																																																																															
																																																																																																																																																																																																																																																															
																																																																																																																																																																																																																																																															
																																																																																																																																																																																																																																																															
																																																																																																																																																																																																																																																															
																																																																																																																																																																																																																																																															
																																																																																																																																																																																																																																																															
																																																																																																																																																																																																																																																															
																																																																																																																																																																																																																																																															
																																																																																																																																																																																																																																																															
																																																																																																																																																																																																																																																															
																																																																																																																																																																																																																																																															
																																																																																																																																																																																																																																												38.6471	43.1376	53.0808	55.4171	52.2936			13.8673												
																																																																																																																																																																																																																												30.6055	44.8363	54.5901									31.7495	50.1983	57.7894	57.3693	54.3357	51.8722	52.7735	49.6682	37.8536	46.4199	39.1246	18.7889	22.8778	19.036	15.066	10.89									
																																																																																																																																																																																																																												45.8124	49.2331	50.8616	59.3693	62.0762	52.2927				18.5317	39.2522	53.7714	62.3186	62.4959	52.4423	38.9259	19.3808	9.97235	21.1792	42.2881	47.4182	34.9611	4.35674	16.8275	10.4693	11.6638	11.2811									
																																																																																																																																																																																																																										0	31.0168	53.5621	44.3112	25.3101	25.7652	55.1701	61.0892	53.7825	49.9114	55.3799	57.3748	53.675	48.4779	47.1862	21.9107	30.9729	39.0597	11.7746	23.6002	35.8362	36.3141	31.1039	11.2454	20.6148	25.3148	29.4641	32.1092	28.5521	22.156								
																																																																																																																																																																																																																										7.46394	46.1622	54.7211	30.8772	15.4105	19.1562	3.0458	42.2683	47.6347	52.3083	60.545	56.2626	24.8771	25.7934	41.0266	52.2448	48.9733	40.2767	35.9559	30.134	31.6903	26.1358	3.67739	28.3532	37.2829	30.6899	26.9811	33.7998	40.4221	43.8385	40.2868							
																																																																																																																																																																																																																									0	16.47	46.2827	49.7247	25.9405	9.40613	9.74928	12.7918	20.4021	19.0374	28.5024	34.7531	41.4148	48.9445	32.69	36.627	34.3879	40.2678	45.4675	40.0842	26.6916	22.7454	15.4089	19.9839	35.1149	21.219	4.02325	5.12016	3.28992	18.3667	35.5603	45.3318	41.5046	28.211	17.0398	6.45933	5.91623	13.7476	17.1374
																																																																																																																																																																																																																									0	18.3994	39.913	46.9258	37.8305	13.5434	18.5284	29.4452	29.0768	20.6991	27.6265	32.7398	41.9597	52.4598	12.302	18.3714	21.4083	21.0688	22.3507	17.6411	11.9296	8.81748	3.21498	24.2717	25.2413	16.2248	16.2819	14.0062	14.7012	14.9563	14.1848	26.763	39.6868	30.2196	25.859	31.4392	35.9539	28.2167	23.469
																																																																																																																																																																																																																										11.9641	33.6309	46.9147	40.952	22.3005	32.7806	31.3796	22.832	8.94243	16.6859	24.5939	40.8535	43.2525	18.2443	11.5938	12.4276	14.8938	12.7122	8.88975	5.36059	2.62178	10.5087	16.699	13.6957	15.6583	15.2999	15.9477	17.204	16.8095	23.6769	13.7939	32.7139	22.4056	25.5562	49.0291	54.5871	49.3906	30.2736
																																																																																																																																																																																																																											25.0597	47.3729	43.5478	37.8768	29.0169	7.8059	27.5695	24.5482	7.82113	11.2175	33.0991	37.2053	19.1076	21.6747	13.5486	13.0002	11.1163	9.41633	4.19517	6.326	8.95485	12.2054	17.0822	18.9198	18.5935	18.5223	20.7396	23.592	30.5122	33.7613	29.6727	9.49536	15.3221	40.6578	20.5987	41.9547	27.5044
																																																																																																																																																																																																																											11.0417	37.451	40.1346	34.4958	25.7172	28.2778	30.772	16.9879	19.8281	14.6771	33.721	42.2	24.1413	20.4559	10.7534	6.98402	5.72054	6.78202	5.26607	11.8131	4.68758	6.61018	14.1332	14.6434	12.0355	12.4712	16.8173	20.6074	24.5657	15.7587	2.49671	6.43118	13.7797	42.0791	41.3314	36.0906	14.9367
																																																																																																																																																																																																																												20.6418	25.6879	22.8804	35.2412	41.8027	13.8717	20.4986	30.8417	32.2297	39.8415	37.0993	9.50913	7.13523	5.04652	2.42866	1.49036	6.64777	2.57422	14.8376	3.94146	11.3391	8.30303	5.78002	6.14491	6.67273	10.3666	9.30651	11.9249	19.5142	11.2281	16.9354	17.8216	30.7013	34.7545	38.3296	33.0737
																																																																																																																																																																																																																												11.0854	24.0379	32.8457	35.0772	38.7426	22.8246	39.849	38.1646	36.6624	32.5134	20.5657	5.02201	4.36319	3.74023	2.49621	4.3075	6.46226	3.36528	12.6408	6.80725	14.8402	11.028	7.70039	8.45783	8.0416	10.8694	8.57407	13.4029	23.8384	23.4831	27.8097	21.8276	20.8368	28.3278	26.1776	25.9407
																																																																																																																																																																																																																											6.06978	12.0873	17.1985	28.501	37.355	46.7203	46.7156	42.6543	30.639	26.9273	21.0887	7.67817	2.79417	5.06628	4.00546	3.45834	3.76006	6.63059	4.06543	11.9072	19.1229	19.404	14.1579	10.1662	8.07768	6.46432	7.91264	9.92196	13.9178	19.3171	24.1223	26.9022	20.8783	17.0049	19.6772	19.9046	23.2037
																																																																																																																																																																																																																												16.1599	8.39987	12.8917	22.1649	29.757	35.3724	33.164	24.1802	18.5823	14.0142	8.45449	6.32328	7.33697	5.13681	5.08086	7.36343	10.5872	10.6503	14.6378	17.0743	11.842	7.63697	6.31617	6.702	5.49873	6.40789	11.2662	16.6297	19.3996	18.9722	16.5699	13.2191	10.513	9.65194	10.4032	
																																																																																																																																																																																																																											12.5	16.996	2.42135	2.29265	8.69122	12.1566	13.1955	11.5471	9.20781	8.00987	6.99563	8.31628	9.68746	9.51037	9.25554	12.3109	15.1666	14.3205	11.037	7.79027	5.77767	2.26599	2.49551	3.67408	5.61178	7.14524	7.98758			8.99621	8.86266	5.77785					
																																																																																																																																																																																																																											11.8211	15.5755	6.52458	7.31949	9.05235	10.5235	10.1518	8.49821	7.18196	6.50857	6.16144	6.16144	5.67513	5.55477	7.58273	9.82276	8.14285	6.18569	5.6166	4.56782	3.10189	2.1205	1.40569			4.70117											
																																																																																																																																																																																																																										1.10269	7.93353	13.0405	14.9709	15.0935	14.0485	13.0332	11.9691	11.2092	10.7344	9.63869	8.69486	9.90652	10.9614	10.6202	10.3103	8.28608	4.53761				1.65378	1.26924			0	0											
																																																																																																																																																																																																																									1.5591	0.779695	3.15448	7.64382								7.90888	7.96305																										
																																																																																																																																																																																																																								1.47891	0.348667																																						
																																																																																																																																																																																																																																																															
																																																																																																																																																																																																																																																															
																																																																																																																																																																																																																																																															
																																																																																																																																																																																																																																																															
																																																																																																																																																																																																																																																															
																																																																																																																																																																																																																																																															
																																																																																																																																																																																																																																																															
																																																																																																																																																																																																																																																															
																																																																																																																																																																																																																																																															
																																																																																																																																																																																																																																																															
																																																																																																																																																																																																																																																															
																																																																																																																																																																																																																																																															
																																																																																																																																																																																																																																																															
																																																																																																																																																																																																																																																															
																																																																																																																																																																																																																																																															
																																																																																																																																																																																																																																																															
																																																																																																																																																																																																																																																															
																																																																																																																																																																																																																																																															
																																																																																																																																																																																																																																																															
																																																																																																																																																																																																																																																															
																																																																																																																																																																																																																																																															
																																																																																																																																																																																																																																																															
																																																																																																																																																																																																																																																															
																																																																																																																																																																																																																																																															
																																																																																																																																																																																																																																																															
																																																																																																																																																																																																																																																															
																																																																																																																																																																																																																																																															
																																																																																																																																																																																																																																																															
																																																																																																																																																																																																																																																															
																																																																																																																																																																																																																																																															
																																																																																																																																																																																																																																																															
																																																																																																																																																																																																																																																															
																																																																																																																																																																																																																																																															
																																																																																																																																																																																																																																																															
																																																																																																																																																																																																																																																															
																																																																																																																																																																																																																																																															
																																																																																																																																																																																																																																																															
																																																																																																																																																																																																																																																															
																																																																																																																																																																																																																																																															
																																																																																																																																																																																																																																																															
																																																																																																																																																																																																																																																															
																																																																																																																																																																																																																																																															
																																																																																																																																																																																																																																																															
																																																																																																																																																																																																																																																															
																																																																																																																																																																																																																																																															
																																																																																																																																																																																																																																																															
																																																																																																																																																																																																																																																															
																																																																																																																																																																																																																																																															
																																																																																																																																																																																																																																																															
																																																																																																																																																																																																																																																															
																																																																																																																																																																																																																																																															
																																																																																																																																																																																																																																																															
																																																																																																																																																																																																																																																															
																																																																																																																																																																																																																																																															
																																																																																																																																																																																																																																																															
																																																																																																																																																																																																																																																															
																																																																																																																																																																																																																																																															
																																																																																																																																																																																																																																																															
																																																																																																																																																																																																																																																															
																																																																																																																																																																																																																																																															
																																																																																																																																																																																																																																																															
																																																																																																																																																																																																																																																															
																																																																																																																																																																																																																																																															
																																																																																																																																																																																																																																																															
																																																																																																																																																																																																																																																															
																																																																																																																																																																																																																																																															
																																																																																																																																																																																																																																																															
																																																																																																																																																																																																																																																															
																																																																																																																																																																																																																																																															
																																																																																																																																																																																																																																																															
																																																																																																																																																																																																																																																															
																																																																																																																																																																																																																																																															
																																																																																																																																																																																																																																																															
																																																																																																																																																																																																																																																															
																																																																																																																																																																																																																																																															
																																																																																																																																																																																																																																																															
																																																																																																																																																																																																																																																															
																																																																																																																																																																																																																																																															
																																																																																																																																																																																																																																																															
																																																																																																																																																																																																																																																															
																																																																																																																																																																																																																																																															
																																																																																																																																																																																																																																																															
																																																																																																																																																																																																																																																															
																																																																																																																																																																																																																																																															
																																																																																																																																																																																																																																																															
																																																																																																																																																																																																																																																															
																																																																																																																																																																																																																																																															
																																																																																																																																																																																																																																																															
																																																																																																																																																																																																																																																															
																																																																																																																																																																																																																																																															
																																																																																																																																																																																																																																																															
																																																																																																																																																																																																																																																															
																																																																																																																																																																																																																																																															
																																																																																																																																																																																																																																																															
																																																																																																																																																																																																																																																															
																																																																																																																																																																																																																																																															
																																																																																																																																																																																																																																																															
																																																																																																																																																																																																																																																															
																																																																																																																																																																																																																																																															
																																																																																																																																																																																																																																																															
																																																																																																																																																																																																																																																															
																																																																																																																																																																																																																																																															
																																																																																																																																																																																																																																																															
																																																																																																																																																																																																																																																															
																																																																																																																																																																																																																																																															
																																																																																																																																																																																																																																																															
																																																																																																																																																																																																																																																															
																																																																																																																																																																																																																																																															
																																																																																																																																																																																																																																																															
																																																																																																																																																																																																																																																															
																																																																																																																																																																																																																																																															
																																																																																																																																																																																																																																																															
																																																																																																																																																																																																																																																															
																																																																																																																																																																																																																																																															
																																																																																																																																																																																																																																																															
																																																																																																																																																																																																																																																															
																																																																																																																																																																																																																																																															
																																																																																																																																																																																																																																																															
																																																																																																																																																																																																																																																															
																																																																																																																																																																																																																																																															
																																																																																																																																																																																																																																																															
																																																																																																																																																																																																																																																															
																																																																																																																																																																																																																																																															
																																																																																																																																																																																																																																																															
																																																																																																																																																																																																																																																															
																																																																																																																																																																																																																																																															
																																																																																																																																																																																																																																																															
																																																																																																																																																																																																																																																															
																																																																																																																																																																																																																																																															
																																																																																																																																																																																																																																																															
																																																																																																																																																																																																																																																															
																																																																																																																																																																																																																																																															
																																																																																																																																																																																																																																																															
																																																																																																																																																																																																																																																															
																																																																																																																																																																																																																																																															
																																																																																																																																																																																																																																																															
																																																																																																																																																																																																																																																															
																																																																																																																																																																																																																																																															
																																																																																																																																																																																																																																																															
																																																																																																																																																																																																																																																															
																																																																																																																																																																																																																																																															
																																																																																																																																																																																																																																																															
																																																																																																																																																																																																																																																															
																																																																																																																																																																																																																																																															
																																																																																																																																																																																																																																																															
																																																																																																																																																																																																																																																															
																																																																																																																																																																																																																																																															
																																																																																																																																																																																																																																																															
																																																																																																																																																																																																																																																															
																																																																																																																																																																																																																																																															
																																																																																																																																																																																																																																																															
																																																																																																																																																																																																																																																															
																																																																																																																																																																																																																																																															
																																																																																																																																																																																																																																																															
																																																																																																																																																																																																																																																															
																																																																																																																																																																																																																																																															
																																																																																																																																																																																																																																																															
																																																																																																																																																																																																																																																															
																																																																																																																																																																																																																																																															
																																																																																																																																																																																																																																																															
																																																																																																																																																																																																																																																															
																																																																																																																																																																																																																																																															
																																																																																																																																																																																																																																																															
																																																																																																																																																																																																																																																															
																																																																																																																																																																																																																																																															
																																																																																																																																																																																																																																																															
																																																																																																																																																																																																																																																															
																																																																																																																																																																																																																																																															
																																																																																																																																																																																																																																																															
																																																																																																																																																																																																																																																															
																																																																																																																																																																																																																																																															
																																																																																																																																																																																																																																																															
																																																																																																																																																																																																																																																															
																																																																																																																																																																																																																																																															
																																																																																																																																																																																																																																																															
																																																																																																																																																																																																																																																															
																																																																																																																																																																																																																																																															
																																																																																																																																																																																																																																																															
																																																																																																																																																																																																																																																															
																																																																																																																																																																																																																																																															
																																																																																																																																																																																																																																																															
																																																																																																																																																																																																																																																															
																																																																																																																																																																																																																																																															
																																																																																																																																																																																																																																																															
																																																																																																																																																																																																																																																															
																																																																																																																																																																																																																																																															
																																																																																																																																																																																																																																																															
																																																																																																																																																																																																																																																															
																																																																																																																																																																																																																																																															
																																																																																																																																																																																																																																																															
																																																																																																																																																																																																																																																															
																																																																																																																																																																																																																																																															
																																																																																																																																																																																																																																																															
																																																																																																																																																																																																																																																															
																																																																																																																																																																																																																																																															
																																																																																																																																																																																																																																																															
																																																																																																																																																																																																																																																															
																																																																																																																																																																																																																																																															
																																																																																																																																																																																																																																																															